{
    "$schema": "http://json-schema.org/draft-04/schema#",
    "properties": {
        "检测单位": {
            "dataFieldType": "text",
            "type": "string"
        },
        "委托单名称": {
            "dataFieldType": "text",
            "type": "string"
        },
        "委托编号": {
            "dataFieldType": "text",
            "type": "string"
        },
        "受理日期": {
            "dataFieldType": "text",
            "type": "string"
        },
        "委托人": {
            "dataFieldType": "text",
            "type": "string"
        },
        "受理人": {
            "dataFieldType": "text",
            "type": "string"
        },
        "委托单位": {
            "dataFieldType": "text",
            "type": "string"
        },
        "检测次数": {
            "dataFieldType": "text",
            "type": "string"
        },
        "检测对象": {
            "dataFieldType": "text",
            "type": "string"
        },
        "型号规格": {
            "dataFieldType": "text",
            "type": "string"
        },
        "器具编号": {
            "dataFieldType": "text",
            "type": "string"
        },
        "温度": {
            "dataFieldType": "text",
            "type": "string"
        },
        "相对湿度": {
            "dataFieldType": "text",
            "type": "string"
        },
        "检定员": {
            "dataFieldType": "text",
            "type": "string"
        },
        "检定日期": {
            "dataFieldType": "text",
            "type": "string"
        },
        "核验员": {
            "dataFieldType": "text",
            "type": "string"
        },
        "检定依据": {
            "dataFieldType": "text",
            "type": "string"
        },
        "其它": {
            "dataFieldType": "text",
            "type": "string"
        },
        "单位地址": {
            "dataFieldType": "text",
            "type": "string"
        },
        "备注": {
            "dataFieldType": "text",
            "type": "string"
        }
    },
    "type": "object"
}