 {"$schema":"http://json-schema.org/draft-04/schema#","properties":{"记录编号":{"dataFieldType":"text","type":"string"},"证书编号":{"dataFieldType":"text","type":"string"},"受控号":{"dataFieldType":"text","type":"string"},"标题":{"dataFieldType":"text","type":"string"},"客户名称":{"dataFieldType":"text","type":"string"},"联系地址":{"dataFieldType":"text","type":"string"},"器具名称":{"dataFieldType":"text","type":"string"},"制造单位":{"dataFieldType":"text","type":"string"},"型号规格":{"dataFieldType":"text","type":"string"},"器具编号":{"dataFieldType":"text","type":"string"},"唯一性标识号":{"dataFieldType":"text","type":"string"},"接收状态":{"dataFieldType":"text","type":"string"},"温度":{"dataFieldType":"text","type":"string"},"相对湿度":{"dataFieldType":"text","type":"string"},"检定地点":{"dataFieldType":"text","type":"string"},"其它":{"dataFieldType":"text","type":"string"},"检定员":{"dataFieldType":"text","type":"string"},"检定日期":{"dataFieldType":"text","type":"string"},"核验员":{"dataFieldType":"text","type":"string"},"批准人":{"dataFieldType":"text","type":"string"},"检定依据":{"dataFieldType":"text","type":"string"},"计量标准装置":{"dataFieldType":"table","type":"array","items":{"type":"object","properties":{"计量标准名称":{"type":"string"},"计量标准测量范围":{"type":"string"},"计量标准等级":{"type":"string"},"计量标准证书号":{"type":"string"},"计量标准有效期至":{"type":"string"}}}}},"type":"object"}